{"cameraMode":{"drawMode":0,"name":"Shaded","section":"Shading Mode"},"sceneLighting":true,"audioPlay":false,"sceneViewState":{"m_AlwaysRefresh":false,"showFog":true,"showSkybox":true,"showFlares":true,"showImageEffects":true,"showParticleSystems":true,"showVisualEffectGraphs":true,"m_FxEnabled":true},"in2DMode":false,"pivot":{"x":0.00417914055287838,"y":-0.2795869708061218,"z":0.1396721601486206},"rotation":{"x":0.0003186682006344199,"y":0.9977939128875732,"z":-0.06626065820455551,"w":0.0047905342653393749},"size":1.8052973747253419,"orthographic":false}